label,thr_from_valid,test_MCC,test_F1,test_precision,test_recall,test_specificity,test_TP,test_TN,test_FP,test_FN,test_pos,test_neg,best_thr_valid_MCC
VIP,0.4225,0.885527,0.888889,1.0,0.8,1.0,8,99,0,2,10,99,0.4225
RTIP,0.5225,0.837709,0.864865,0.888889,0.842105,0.977778,16,88,2,3,19,90,0.5225
VEIP,0.78,0.739885,0.811594,0.933333,0.717949,0.971429,28,68,2,11,39,70,0.78
MAP,0.3625,0.7204,0.705882,0.545455,1.0,0.951456,6,98,5,0,6,103,0.3625
VINIP,0.48,0.630307,0.708333,0.653846,0.772727,0.896552,17,78,9,5,22,87,0.48
SFIP,0.33,0.51884,0.56,0.466667,0.7,0.919192,7,91,8,3,10,99,0.33
PIP,0.11,0.201997,0.25,0.2,0.333333,0.92233,2,95,8,4,6,103,0.11
