label,thr_from_valid,test_MCC,test_F1,test_precision,test_recall,test_specificity,test_TP,test_TN,test_FP,test_FN,test_pos,test_neg,best_thr_valid_MCC
VIP,0.115,0.948635,0.952381,0.909091,1.0,0.989899,10,98,1,0,10,99,0.115
RTIP,0.08,0.864688,0.883721,0.791667,1.0,0.944444,19,85,5,0,19,90,0.08
VINIP,0.705,0.728829,0.769231,0.882353,0.681818,0.977011,15,85,2,7,22,87,0.705
VEIP,0.225,0.720513,0.820513,0.820513,0.820513,0.9,32,63,7,7,39,70,0.225
SFIP,0.455,0.6899,0.666667,1.0,0.5,1.0,5,99,0,5,10,99,0.455
MAP,0.025,0.686202,0.666667,0.5,1.0,0.941748,6,97,6,0,6,103,0.025
PIP,0.025,0.240574,0.285714,0.25,0.333333,0.941748,2,97,6,4,6,103,0.025
