label,thr_from_valid,test_MCC,test_F1,test_precision,test_recall,test_specificity,test_TP,test_TN,test_FP,test_FN,test_pos,test_neg,best_thr_valid_MCC
MAP,0.2,0.921315,0.923077,0.857143,1.0,0.990291,6,102,1,0,6,103,0.2
RTIP,0.4,0.834408,0.857143,0.9375,0.789474,0.988889,15,89,1,4,19,90,0.4
VIP,0.12,0.802064,0.818182,0.75,0.9,0.969697,9,96,3,1,10,99,0.12
VEIP,0.685,0.632871,0.75,0.818182,0.692308,0.914286,27,64,6,12,39,70,0.685
VINIP,0.17,0.460425,0.567164,0.422222,0.863636,0.701149,19,61,26,3,22,87,0.17
SFIP,0.645,0.445082,0.428571,0.75,0.3,0.989899,3,98,1,7,10,99,0.645
PIP,0.105,-0.040604,0.0,0.0,0.0,0.970874,0,100,3,6,6,103,0.105
