label,thr_from_valid,test_MCC,test_F1,test_precision,test_recall,test_specificity,test_TP,test_TN,test_FP,test_FN,test_pos,test_neg,best_thr_valid_MCC
RTIP,0.1725,0.906773,0.923077,0.9,0.947368,0.977778,18,88,2,1,19,90,0.1725
VIP,0.04,0.828453,0.842105,0.888889,0.8,0.989899,8,98,1,2,10,99,0.04
MAP,0.0525,0.804518,0.8,0.666667,1.0,0.970874,6,100,3,0,6,103,0.0525
VINIP,0.4825,0.595558,0.680851,0.64,0.727273,0.896552,16,78,9,6,22,87,0.4825
VEIP,0.925,0.591418,0.69697,0.851852,0.589744,0.942857,23,66,4,16,39,70,0.925
SFIP,0.5675,0.497447,0.545455,0.5,0.6,0.939394,6,93,6,4,10,99,0.5675
PIP,0.0,0.0,0.104348,0.055046,1.0,0.0,6,0,103,0,6,103,0.0
